ip,port,protocol,pass,notpass,success_rate
183.236.51.36,59003,vmess,2,0,100.0%
146.75.119.82,80,vless,2,0,100.0%
193.233.254.7,1080,socks5,2,0,100.0%
193.233.254.9,1080,socks5,2,0,100.0%
121.169.46.116,1090,socks5,2,0,100.0%
167.17.179.87,8388,ss,2,0,100.0%
34.143.159.175,443,vless,2,0,100.0%
92.60.70.36,2053,vless,2,0,100.0%
octopusss5.info,22955,vless,2,0,100.0%
107.174.82.102.sslip.io,443,trojan,2,0,100.0%
v2.dabache.top,443,vless,2,0,100.0%
turkiye.torprospeed.ir,587,vless,2,0,100.0%
de3.xiaoliyu.cyou,4433,hysteria2,2,0,100.0%
45.12.136.170,443,ss,1,1,50.0%
82.198.246.97,180,vmess,1,1,50.0%
103.75.199.3,52312,vless,1,1,50.0%
213.176.73.206,2083,vless,1,1,50.0%
25.129.197.138,2053,vless,1,1,50.0%
25.129.199.122,2095,vless,1,1,50.0%
51.250.41.54,47051,vless,1,1,50.0%
95.174.92.156,443,vless,1,1,50.0%
hk13.network-cdn-gw-yd.net,32061,ss,1,1,50.0%
103.236.62.154,33016,ss,1,1,50.0%
103.236.62.154,33014,ss,1,1,50.0%
103.236.62.154,33013,ss,1,1,50.0%
103.236.62.154,33012,ss,1,1,50.0%
45.82.245.39,8443,vless,1,1,50.0%
5.10.214.0,443,vless,1,1,50.0%
217.142.185.111,443,vless,1,1,50.0%
api.dark-coffe.com,2087,vless,1,1,50.0%
oon.visaups.ir,80,vless,1,1,50.0%
v4.hdacd.com,30804,vmess,1,1,50.0%
dfg.octopusss.net,22955,vless,1,1,50.0%
bastion.h3.speed.cloudflare.com,80,vless,1,1,50.0%
45.82.249.129,8443,vless,0,2,0.0%
154.205.154.200,11201,ss,0,2,0.0%
78.159.131.51,443,vless,0,2,0.0%
196.245.238.34,57456,ss,0,2,0.0%
154.205.154.184,11201,ss,0,2,0.0%
45.15.185.69,8443,vless,0,2,0.0%
154.26.156.99,47386,ss,0,2,0.0%
82.115.24.175,28402,vless,0,2,0.0%
5.188.4.103,11205,ss,0,2,0.0%
154.90.60.117,11201,ss,0,2,0.0%
92.223.62.214,11201,ss,0,2,0.0%
193.203.203.66,443,ss,0,2,0.0%
144.217.164.29,12000,ss,0,2,0.0%
79.127.200.169,990,ss,0,2,0.0%
148.113.138.47,48704,ss,0,2,0.0%
148.113.143.102,11201,ss,0,2,0.0%
51.161.80.138,27797,ss,0,2,0.0%
85.208.108.136,8443,vless,0,2,0.0%
198.50.119.86,8080,vless,0,2,0.0%
103.236.62.154,33011,ss,0,2,0.0%
45.89.109.25,18278,vless,0,2,0.0%
45.12.133.61,8443,vless,0,2,0.0%
5.253.41.52,8443,vless,0,2,0.0%
63.180.254.10,443,ss,0,2,0.0%
77.90.41.197,35000,hysteria2,0,2,0.0%
45.82.251.98,8880,vless,0,2,0.0%
45.82.251.95,8880,vless,0,2,0.0%
181.214.231.121,35000,hysteria2,0,2,0.0%
57.129.69.122,27130,ss,0,2,0.0%
5.175.249.174,35000,hysteria2,0,2,0.0%
57.129.89.142,11201,ss,0,2,0.0%
141.95.109.94,11201,ss,0,2,0.0%
213.202.208.199,7001,ss,0,2,0.0%
91.99.106.117,443,vless,0,2,0.0%
141.95.104.30,11201,ss,0,2,0.0%
195.7.6.160,18550,ss,0,2,0.0%
57.129.95.232,11201,ss,0,2,0.0%
57.129.95.38,11201,ss,0,2,0.0%
57.129.35.242,11201,ss,0,2,0.0%
38.60.250.107,990,ss,0,2,0.0%
51.89.10.72,11201,ss,0,2,0.0%
141.95.106.215,11201,ss,0,2,0.0%
141.95.105.96,11201,ss,0,2,0.0%
141.95.105.216,11201,ss,0,2,0.0%
141.95.104.145,11201,ss,0,2,0.0%
185.181.10.186,8443,hysteria2,0,2,0.0%
57.129.95.198,11201,ss,0,2,0.0%
181.214.99.162,35000,hysteria2,0,2,0.0%
57.129.53.181,23576,vless,0,2,0.0%
57.129.95.218,11201,ss,0,2,0.0%
144.31.125.83,443,vless,0,2,0.0%
139.28.96.83,443,vless,0,2,0.0%
212.193.18.144,36158,trojan,0,2,0.0%
91.107.173.252,41647,vless,0,2,0.0%
144.31.125.86,443,vless,0,2,0.0%
91.107.148.79,443,vless,0,2,0.0%
94.156.115.109,443,vless,0,2,0.0%
91.98.231.130,443,vless,0,2,0.0%
196.240.57.74,443,vless,0,2,0.0%
5.10.214.0,2096,vless,0,2,0.0%
193.233.254.8,1080,socks5,0,2,0.0%
3.72.120.152,22222,trojan,0,2,0.0%
38.54.59.38,11201,ss,0,2,0.0%
91.99.67.80,47158,vless,0,2,0.0%
3.126.96.173,22222,trojan,0,2,0.0%
38.54.59.16,11201,ss,0,2,0.0%
3.120.110.223,22222,trojan,0,2,0.0%
5.188.181.201,9011,ss,0,2,0.0%
5.188.181.201,9029,ss,0,2,0.0%
46.62.128.207,443,vless,0,2,0.0%
62.60.229.31,8880,vless,0,2,0.0%
83.219.97.166,30297,vless,0,2,0.0%
141.95.101.9,11201,ss,0,2,0.0%
54.37.78.130,11201,ss,0,2,0.0%
51.68.146.248,10011,ss,0,2,0.0%
51.68.83.117,11201,ss,0,2,0.0%
51.178.114.83,11202,ss,0,2,0.0%
135.125.245.131,20939,ss,0,2,0.0%
54.37.78.193,11201,ss,0,2,0.0%
57.130.28.148,11201,ss,0,2,0.0%
64.31.63.92,443,ss,0,2,0.0%
54.37.77.214,11201,ss,0,2,0.0%
65.109.178.83,443,vless,0,2,0.0%
135.125.247.29,11201,ss,0,2,0.0%
217.60.63.96,443,ss,0,2,0.0%
54.37.78.252,11201,ss,0,2,0.0%
141.95.101.202,11201,ss,0,2,0.0%
51.178.114.93,11201,ss,0,2,0.0%
135.125.232.253,2053,trojan,0,2,0.0%
135.125.10.106,10018,ss,0,2,0.0%
141.95.102.29,11201,ss,0,2,0.0%
37.59.112.73,8442,vless,0,2,0.0%
62.210.91.2,23576,vless,0,2,0.0%
165.232.47.238,443,vless,0,2,0.0%
13.37.158.14,22222,trojan,0,2,0.0%
35.180.171.33,22222,trojan,0,2,0.0%
13.39.154.102,22222,trojan,0,2,0.0%
141.94.68.216,2053,trojan,0,2,0.0%
15.188.244.223,22222,trojan,0,2,0.0%
35.180.16.16,22222,trojan,0,2,0.0%
13.38.30.95,443,ss,0,2,0.0%
94.156.250.148,7001,ss,0,2,0.0%
158.220.80.123,48436,ss,0,2,0.0%
51.89.118.58,11201,ss,0,2,0.0%
51.89.119.213,11201,ss,0,2,0.0%
57.129.129.247,29757,ss,0,2,0.0%
46.250.253.50,10010,ss,0,2,0.0%
149.102.144.110,26138,ss,0,2,0.0%
144.126.230.207,443,vless,0,2,0.0%
64.227.33.161,443,vless,0,2,0.0%
45.140.167.226,443,vless,0,2,0.0%
64.227.47.120,443,vless,0,2,0.0%
51.68.26.124,51926,vless,0,2,0.0%
134.209.25.162,443,vless,0,2,0.0%
45.89.111.103,443,vless,0,2,0.0%
46.101.57.231,443,vless,0,2,0.0%
209.97.189.8,443,vless,0,2,0.0%
167.71.128.209,443,vless,0,2,0.0%
146.19.230.209,443,vless,0,2,0.0%
64.227.47.224,443,vless,0,2,0.0%
25.25.25.0,8880,vless,0,2,0.0%
209.97.183.92,443,vless,0,2,0.0%
134.209.188.31,443,vless,0,2,0.0%
104.248.161.181,443,vless,0,2,0.0%
165.232.107.12,443,vless,0,2,0.0%
209.97.138.185,443,vless,0,2,0.0%
46.101.88.198,443,vless,0,2,0.0%
165.227.228.57,443,vless,0,2,0.0%
167.172.59.135,443,vless,0,2,0.0%
165.227.239.219,443,vless,0,2,0.0%
188.166.150.79,443,vless,0,2,0.0%
138.68.133.248,443,vless,0,2,0.0%
68.183.47.127,443,vless,0,2,0.0%
139.59.167.252,443,vless,0,2,0.0%
198.244.141.25,25374,vless,0,2,0.0%
143.110.170.20,443,vless,0,2,0.0%
139.59.184.9,443,vless,0,2,0.0%
139.59.185.253,443,vless,0,2,0.0%
138.68.160.230,443,vless,0,2,0.0%
77.91.74.179,8443,vless,0,2,0.0%
58.152.110.50,443,trojan,0,2,0.0%
38.54.29.130,11203,ss,0,2,0.0%
43.161.254.121,443,vless,0,2,0.0%
58.152.46.60,443,trojan,0,2,0.0%
47.243.209.49,443,vless,0,2,0.0%
185.241.41.128,443,vless,0,2,0.0%
103.149.183.80,8388,ss,0,2,0.0%
185.244.208.150,11201,ss,0,2,0.0%
8.218.41.50,443,vless,0,2,0.0%
38.60.203.155,11201,ss,0,2,0.0%
38.54.85.242,11201,ss,0,2,0.0%
8.217.36.203,443,vless,0,2,0.0%
112.118.116.8,443,trojan,0,2,0.0%
203.198.84.221,443,trojan,0,2,0.0%
58.152.53.219,443,trojan,0,2,0.0%
91.149.236.182,8388,ss,0,2,0.0%
58.152.46.246,443,trojan,0,2,0.0%
167.17.185.172,10889,trojan,0,2,0.0%
58.152.18.124,443,trojan,0,2,0.0%
8.215.18.213,443,vless,0,2,0.0%
149.88.95.94,35760,vmess,0,2,0.0%
5.188.227.18,11201,ss,0,2,0.0%
91.217.10.68,443,vless,0,2,0.0%
185.143.233.235,80,vless,0,2,0.0%
45.88.183.100,8443,vless,0,2,0.0%
163.171.213.46,11201,ss,0,2,0.0%
185.143.234.235,80,vless,0,2,0.0%
172.238.229.254,14051,trojan,0,2,0.0%
160.16.87.174,3076,trojan,0,2,0.0%
176.126.83.121,443,ss,0,2,0.0%
91.224.74.91,443,vless,0,2,0.0%
116.80.44.144,27724,vless,0,2,0.0%
154.205.139.9,11201,ss,0,2,0.0%
160.16.150.76,544,trojan,0,2,0.0%
167.17.179.197,20291,ss,0,2,0.0%
188.253.16.31,443,vless,0,2,0.0%
160.16.150.76,3901,trojan,0,2,0.0%
160.16.150.76,5076,trojan,0,2,0.0%
52.194.193.12,11945,trojan,0,2,0.0%
160.16.70.180,3423,trojan,0,2,0.0%
153.121.51.29,4006,trojan,0,2,0.0%
153.121.51.29,5076,trojan,0,2,0.0%
160.16.130.21,544,trojan,0,2,0.0%
52.196.143.203,804,trojan,0,2,0.0%
13.114.104.131,4569,trojan,0,2,0.0%
43.206.194.122,2595,trojan,0,2,0.0%
47.80.1.18,443,vless,0,2,0.0%
168.126.234.230,44112,ss,0,2,0.0%
146.56.164.36,443,hysteria2,0,2,0.0%
163.171.181.30,11201,ss,0,2,0.0%
193.135.174.135,990,ss,0,2,0.0%
103.35.189.136,443,ss,0,2,0.0%
45.87.175.200,8080,ss,0,2,0.0%
185.235.241.117,443,vless,0,2,0.0%
185.235.241.99,443,vless,0,2,0.0%
185.235.241.53,443,vless,0,2,0.0%
185.235.241.95,443,vless,0,2,0.0%
185.218.3.39,443,vless,0,2,0.0%
185.235.241.132,443,vless,0,2,0.0%
185.218.3.9,443,vless,0,2,0.0%
185.235.241.122,443,vless,0,2,0.0%
94.131.120.177,443,vless,0,2,0.0%
185.235.241.57,443,vless,0,2,0.0%
185.235.241.56,443,vless,0,2,0.0%
185.235.241.166,443,vless,0,2,0.0%
185.235.241.67,443,vless,0,2,0.0%
185.218.3.40,443,vless,0,2,0.0%
185.138.164.157,443,vless,0,2,0.0%
176.120.67.43,8443,vless,0,2,0.0%
38.60.224.37,11201,ss,0,2,0.0%
154.205.152.64,11201,ss,0,2,0.0%
47.254.235.221,443,vless,0,2,0.0%
45.89.107.200,8443,vless,0,2,0.0%
163.171.115.28,11201,ss,0,2,0.0%
206.71.158.37,36400,hysteria2,0,2,0.0%
80.173.230.196,26279,trojan,0,2,0.0%
206.71.158.37,36300,hysteria2,0,2,0.0%
206.71.158.37,36600,hysteria2,0,2,0.0%
206.71.158.37,35200,hysteria2,0,2,0.0%
206.71.158.37,35000,hysteria2,0,2,0.0%
206.71.158.41,35000,hysteria2,0,2,0.0%
206.71.158.23,45000,hysteria2,0,2,0.0%
185.198.58.185,443,vless,0,2,0.0%
206.71.158.40,35000,hysteria2,0,2,0.0%
51.250.28.71,443,vless,0,2,0.0%
51.250.73.31,443,vless,0,2,0.0%
178.173.250.47,56033,ss,0,2,0.0%
193.29.139.204,8080,ss,0,2,0.0%
208.67.106.73,44884,ss,0,2,0.0%
103.90.75.252,3001,vless,0,2,0.0%
188.253.27.190,443,vless,0,2,0.0%
82.115.6.43,2040,vless,0,2,0.0%
185.213.23.63,990,ss,0,2,0.0%
83.143.87.9,18581,trojan,0,2,0.0%
154.205.145.37,11201,ss,0,2,0.0%
8.220.131.229,443,vless,0,2,0.0%
51.83.249.182,11201,ss,0,2,0.0%
154.205.145.195,11201,ss,0,2,0.0%
144.31.5.142,443,vless,0,2,0.0%
45.82.102.204,11201,ss,0,2,0.0%
195.2.76.224,48868,vless,0,2,0.0%
185.130.114.219,443,vless,0,2,0.0%
109.248.203.71,443,vless,0,2,0.0%
152.69.220.212,443,hysteria2,0,2,0.0%
185.130.114.253,443,vless,0,2,0.0%
145.249.109.108,18740,ss,0,2,0.0%
45.8.144.198,443,vless,0,2,0.0%
84.201.139.151,443,vless,0,2,0.0%
195.133.5.213,20219,ss,0,2,0.0%
46.17.43.151,10081,ss,0,2,0.0%
43.250.54.155,49000,vless,0,2,0.0%
78.159.247.136,3443,vless,0,2,0.0%
217.16.20.134,443,vless,0,2,0.0%
163.171.207.11,19688,ss,0,2,0.0%
107.175.6.29,443,vless,0,2,0.0%
156.244.19.94,11201,ss,0,2,0.0%
38.247.64.176,990,ss,0,2,0.0%
174.136.231.115,443,vless,0,2,0.0%
45.135.228.135,11201,ss,0,2,0.0%
194.233.73.51,48803,ss,0,2,0.0%
154.26.132.38,16922,ss,0,2,0.0%
152.42.185.230,23675,vless,0,2,0.0%
167.172.83.42,11441,vless,0,2,0.0%
194.87.10.161,8388,ss,0,2,0.0%
81.28.13.223,11201,ss,0,2,0.0%
8.213.194.31,443,vless,0,2,0.0%
103.253.74.94,31348,ss,0,2,0.0%
154.205.148.202,11201,ss,0,2,0.0%
185.123.101.64,2376,ss,0,2,0.0%
93.114.98.102,11201,ss,0,2,0.0%
136.175.178.165,443,vless,0,2,0.0%
45.12.143.84,8443,vless,0,2,0.0%
163.171.137.72,11201,ss,0,2,0.0%
194.38.23.137,31348,ss,0,2,0.0%
209.141.35.23,443,vless,0,2,0.0%
193.29.14.197,443,vless,0,2,0.0%
85.239.232.127,10026,ss,0,2,0.0%
103.173.155.212,443,vless,0,2,0.0%
217.77.3.68,28954,ss,0,2,0.0%
66.94.113.2,27115,ss,0,2,0.0%
147.135.77.6,11201,ss,0,2,0.0%
15.204.28.84,11201,ss,0,2,0.0%
66.94.125.222,43742,ss,0,2,0.0%
15.204.97.149,23576,vless,0,2,0.0%
154.53.38.145,26409,ss,0,2,0.0%
15.204.97.172,23576,vless,0,2,0.0%
15.204.74.40,13021,ss,0,2,0.0%
15.204.97.198,23576,vless,0,2,0.0%
15.204.97.214,23576,vless,0,2,0.0%
15.204.97.175,23576,vless,0,2,0.0%
15.204.97.169,23576,vless,0,2,0.0%
15.204.97.176,23576,vless,0,2,0.0%
15.204.97.168,23576,vless,0,2,0.0%
15.204.97.146,23576,vless,0,2,0.0%
216.105.168.18,443,ss,0,2,0.0%
15.204.97.177,23576,vless,0,2,0.0%
15.204.97.159,23576,vless,0,2,0.0%
99.88.80.195,54661,vless,0,2,0.0%
85.209.195.105,443,vless,0,2,0.0%
92.118.231.181,443,vless,0,2,0.0%
154.53.34.27,45234,ss,0,2,0.0%
138.199.42.68,8080,ss,0,2,0.0%
92.118.231.167,443,vless,0,2,0.0%
154.17.10.237,443,vless,0,2,0.0%
38.54.14.156,11201,ss,0,2,0.0%
103.186.155.22,38388,ss,0,2,0.0%
103.186.154.207,38388,ss,0,2,0.0%
103.186.154.58,38388,ss,0,2,0.0%
103.186.154.211,38388,ss,0,2,0.0%
103.186.154.16,38388,ss,0,2,0.0%
103.186.155.122,38388,ss,0,2,0.0%
103.186.154.191,38388,ss,0,2,0.0%
103.186.154.153,38388,ss,0,2,0.0%
103.186.154.235,38388,ss,0,2,0.0%
103.186.154.21,38388,ss,0,2,0.0%
103.186.154.31,38388,ss,0,2,0.0%
103.186.155.110,38388,ss,0,2,0.0%
103.186.155.229,38388,ss,0,2,0.0%
103.186.155.44,38388,ss,0,2,0.0%
103.186.154.201,38388,ss,0,2,0.0%
103.186.155.50,38388,ss,0,2,0.0%
s518.okgfw.top,443,vless,0,2,0.0%
103.186.155.16,38388,ss,0,2,0.0%
103.186.155.183,38388,ss,0,2,0.0%
103.186.154.210,38388,ss,0,2,0.0%
103.186.154.226,38388,ss,0,2,0.0%
s534.okgfw.top,443,vless,0,2,0.0%
103.186.155.21,38388,ss,0,2,0.0%
103.186.154.163,38388,ss,0,2,0.0%
103.186.154.162,38388,ss,0,2,0.0%
103.186.155.12,38388,ss,0,2,0.0%
103.186.155.235,38388,ss,0,2,0.0%
ipv6s419.okgfwbackxyz.xyz,443,vless,0,2,0.0%
103.186.154.200,38388,ss,0,2,0.0%
103.186.154.74,38388,ss,0,2,0.0%
103.186.154.192,38388,ss,0,2,0.0%
103.186.154.26,38388,ss,0,2,0.0%
103.186.155.26,38388,ss,0,2,0.0%
s415.okgfwbackxyz.xyz,443,vless,0,2,0.0%
103.186.155.30,38388,ss,0,2,0.0%
s309.okgfwbackxyz.xyz,443,vless,0,2,0.0%
103.186.154.148,38388,ss,0,2,0.0%
103.186.155.67,38388,ss,0,2,0.0%
yapc-1.adamhayward.co.uk,35200,hysteria2,0,2,0.0%
yapc-1.adamhayward.co.uk,36300,hysteria2,0,2,0.0%
yapc-1.adamhayward.co.uk,36400,hysteria2,0,2,0.0%
green2.cdntencentmusic.com,31101,trojan,0,2,0.0%
s418.okgfwbackxyz.xyz,443,vless,0,2,0.0%
s508.ccgfw.top,443,vless,0,2,0.0%
s126.okgfwbackxyz.xyz,443,vless,0,2,0.0%
v10.hdacd.com,30807,vmess,0,4,0.0%
green2.cdntencentmusic.com,35501,trojan,0,2,0.0%
green2.cdntencentmusic.com,31103,trojan,0,2,0.0%
green2.cdntencentmusic.com,35502,trojan,0,2,0.0%
s692.okgfw.top,443,vless,0,2,0.0%
gavazn.lnmarketplace.net,45000,hysteria2,0,2,0.0%
de.eyucdn.xyz,2056,hysteria2,0,2,0.0%
s689.okgfwbackxyz.xyz,443,vless,0,2,0.0%
channel1.saghetalaie.homes,46914,hysteria2,0,2,0.0%
xiaozhu1.kkieo555.cn,41275,trojan,0,2,0.0%
channel3.saghetalaie.homes,46914,hysteria2,0,2,0.0%
ipv6s515.okgfwbackxyz.xyz,443,vless,0,2,0.0%
xiaozhu1.kkieo555.cn,30210,trojan,0,2,0.0%
ipv6s505.okxyzback.xyz,443,vless,0,2,0.0%
cdnfire.xiaomispeed.com,21102,trojan,0,2,0.0%
s878.okxyzback.xyz,443,vless,0,2,0.0%
s671.okxyzback.xyz,443,vless,0,2,0.0%
s119.okgfw.top,443,vless,0,2,0.0%
s191.okxyzback.xyz,443,vless,0,2,0.0%
de2.oomz.ru,30000,hysteria2,0,2,0.0%
s408.okgfwbackxyz.xyz,443,vless,0,2,0.0%
s284.okgfwbackxyz.xyz,443,vless,0,2,0.0%
cdnfire.xiaomispeed.com,25502,trojan,0,2,0.0%
72b99e3a-t6pb40-t8wh4m-1hpo0.hk1.hyhuawei.com,443,hysteria2,0,2,0.0%
api.dark-coffe.com,8443,vless,0,2,0.0%
api.dark-coffe.com,2096,vless,0,2,0.0%
ilta-wzxrxkdhbjpnprhkkpplsjwawhssvollvxzdhqshiqckwdgrdm.orbnet.xyz,443,vless,0,2,0.0%
rohin.ns.cloudflare.com,443,vless,0,2,0.0%
google.com,443,ss,0,2,0.0%
s744.okgfw.top,443,vless,0,2,0.0%
s759.okgfwbackxyz.xyz,443,vless,0,2,0.0%
s605.okgfwbackxyz.xyz,443,vless,0,2,0.0%
s546.okgfwbackxyz.xyz,443,vless,0,2,0.0%
s485.okgfwbackxyz.xyz,443,vless,0,2,0.0%
s597.okgfwbackxyz.xyz,443,vless,0,2,0.0%
s743.okgfw.top,443,vless,0,2,0.0%
s519.okgfwbackxyz.xyz,443,vless,0,2,0.0%
s746.okgfw.top,443,vless,0,2,0.0%
s591.okgfwbackxyz.xyz,443,vless,0,2,0.0%
s589.okgfwbackxyz.xyz,443,vless,0,2,0.0%
s588.okgfwbackxyz.xyz,443,vless,0,2,0.0%
s578.okgfwbackxyz.xyz,443,vless,0,2,0.0%
s596.okgfwbackxyz.xyz,443,vless,0,2,0.0%
s410.okgfw.top,443,vless,0,2,0.0%
s587.okgfwbackxyz.xyz,443,vless,0,2,0.0%
s594.okgfwbackxyz.xyz,443,vless,0,2,0.0%
ipv6s505.okgg.top,443,vless,0,2,0.0%
s592.okgfwbackxyz.xyz,443,vless,0,2,0.0%
s452.okgg.top,443,vless,0,2,0.0%
s446.okgfw.top,443,vless,0,2,0.0%
s456.okgg.top,443,vless,0,2,0.0%
s620.okgfwbackxyz.xyz,443,vless,0,2,0.0%
s457.okgg.top,443,vless,0,2,0.0%
s409.okgfw.top,443,vless,0,2,0.0%
s762.okgfwbackxyz.xyz,443,vless,0,2,0.0%
s624.okgfwbackxyz.xyz,443,vless,0,2,0.0%
s626.okgfwbackxyz.xyz,443,vless,0,2,0.0%
s420.okgfw.top,443,vless,0,2,0.0%
s449.okgfw.top,443,vless,0,2,0.0%
s464.ccgfw.top,443,vless,0,2,0.0%
s447.okgfw.top,443,vless,0,2,0.0%
ipv6s318.ayxj.top,443,vless,0,2,0.0%
s479.okgfwbackxyz.xyz,443,vless,0,2,0.0%
s460.okgg.top,443,vless,0,2,0.0%
s459.okgg.top,443,vless,0,2,0.0%
s606.okgfwbackxyz.xyz,443,vless,0,2,0.0%
s618.okgfwbackxyz.xyz,443,vless,0,2,0.0%
mg2.mangshe.xyz,2056,hysteria2,0,2,0.0%
hkt.gotochinatown.net,80,vmess,0,2,0.0%
s455.okgg.top,443,vless,0,2,0.0%
104.26.6.89,80,vless,0,2,0.0%
s448.okgfw.top,443,vless,0,2,0.0%
brenna.ns.cloudflare.com,443,vless,0,2,0.0%
s462.ccgfw.top,443,vless,0,2,0.0%
s878.okgg.top,443,vless,0,2,0.0%
s451.okgfw.top,443,vless,0,2,0.0%
www.ccgfw.top,443,ss,0,2,0.0%
s458.okgg.top,443,vless,0,2,0.0%
sg3.oomz.ru,30000,hysteria2,0,2,0.0%
tw.oomz.ru,30000,hysteria2,0,2,0.0%
spb-node.genadata.online,2040,vless,0,2,0.0%
delilah.ns.cloudflare.com,443,vless,0,2,0.0%
backup.fleetfoxi.link,44884,ss,0,2,0.0%
jp7.dexlos.com,13778,hysteria2,0,2,0.0%
s740.ayxj.top,443,vless,0,2,0.0%
s742.ayxj.top,443,vless,0,2,0.0%
s739.ayxj.top,443,vless,0,2,0.0%
www.wto.org,2095,vless,0,2,0.0%
id2.wpairplane.com,9000,vmess,0,2,0.0%
xjp1.mangshe.xyz,2055,hysteria2,0,2,0.0%
104.18.41.51,80,vless,0,2,0.0%
ffc60249-t53wg0-t92wi1-1qkeg.hk2.hyhuawei.com,443,hysteria2,0,2,0.0%
tuntro006.instconn.com,443,trojan,0,2,0.0%
www.speedtest.net,2095,vless,0,2,0.0%
fn11.irsbv2.ir,443,vless,0,2,0.0%
tunnel1.qqa678.com,47081,vmess,0,2,0.0%
tuntro003.instconn.com,443,trojan,0,2,0.0%
direct-snap.generator-filmmaker.com,443,vless,0,2,0.0%
oss-4.qqa678.com,47081,vmess,0,2,0.0%
tuntro000.instconn.com,443,trojan,0,2,0.0%
vip3.kaixincloud.top,80,vless,0,2,0.0%
172.64.79.60,443,vless,0,2,0.0%
us1.opensocks.site,8388,ss,0,2,0.0%
mfyousheng.nl.eu.org,443,trojan,0,2,0.0%
ovhwuxian.pai50288.uk,8443,vless,0,2,0.0%
189f87a1-t6r5s0-tcop2n-tl32.hkt.gotochinatown.net,80,vmess,0,2,0.0%
v9.hdacd.com,30809,vmess,0,2,0.0%
s9.vless-balancer.ru,4443,vless,0,2,0.0%
9ef7d9d8-t8pj40-tr9h64-1f1f1.hkt.gotochinatown.net,80,vmess,0,2,0.0%
104.21.3.219,8443,vless,0,2,0.0%
de1-nv.jugploer.icu,2050,ss,0,2,0.0%
doprax.fxgoldensignals.com,58153,vless,0,2,0.0%
v35.hdacd.com,30835,vmess,0,2,0.0%
de3.xiaoliyu.cyou,443,hysteria2,0,2,0.0%
9d8128b3-t70f40-t7c251-nx3b.hkt.gotochinatown.net,80,vmess,0,2,0.0%
china.embassy.gov.au,2053,vless,0,2,0.0%
e9c33324-t70f40-tcdlur-1qwom.hkt.gotochinatown.net,80,vmess,0,2,0.0%
9ac06eaf-t70f40-tc61cs-1tja8.hkt.gotochinatown.net,80,vmess,0,2,0.0%
fa45464b-t70f40-taz53d-1j0y6.hkt.gotochinatown.net,80,vmess,0,2,0.0%
6bb95974-t70f40-t94bdb-mrtr.hkt.gotochinatown.net,80,vmess,0,2,0.0%
a1f79498-t8pj40-tc67m2-1tjc4.hkt.gotochinatown.net,80,vmess,0,2,0.0%
tuntro011.instconn.com,40130,trojan,0,2,0.0%
rez1.generator-filmmaker.com,443,vless,0,2,0.0%
pro.turbooserver.com,80,vless,0,2,0.0%
tr.gpairnetwork369.de,3060,vless,0,2,0.0%
451e6242-t70f40-t8kgw8-jjv2.hkt.gotochinatown.net,80,vmess,0,2,0.0%
104.16.2.59,8080,vless,0,2,0.0%
928fa540-t6r5s0-t9byd7-1jfvb.hkt.gotochinatown.net,80,vmess,0,2,0.0%
c558c52a-t6r5s0-tc61cs-1tja8.hkt.gotochinatown.net,80,vmess,0,2,0.0%
adfda0ab-t70f40-tcop2n-tl32.hkt.gotochinatown.net,80,vmess,0,2,0.0%
tencentapp.880517.xyz,443,vless,0,2,0.0%
822d4c12-t70f40-tgzvop-hns7.hkt.gotochinatown.net,80,vmess,0,2,0.0%
2a2cb25f-t70f40-t8hh31-amya.hkt.gotochinatown.net,80,vmess,0,2,0.0%
gd2.bjnet2.com,36602,ss,0,2,0.0%
gd.bjnet2.com,36602,ss,0,2,0.0%
gd.bjnet2.com,36611,ss,0,2,0.0%
gd2.bjnet2.com,36608,ss,0,2,0.0%
2a8b036d-t6r5s0-t7enwo-1f1f1.hkt.gotochinatown.net,80,vmess,0,2,0.0%
9eef437c-t70f40-tiaexf-ufc0.hkt.gotochinatown.net,80,vmess,0,2,0.0%
01537585-t8wxs0-tgzvop-hns7.hkt.gotochinatown.net,80,vmess,0,2,0.0%
c8b73bb9-t8wxs0-tasors-1tdqt.hkt.gotochinatown.net,80,vmess,0,2,0.0%
s517.ccgfw.top,443,vless,0,2,0.0%
2240720f-t70f40-t95ncr-1slop.hkt.gotochinatown.net,80,vmess,0,2,0.0%
7945fcce-t8wxs0-t9x9zr-1lkt0.hkt.gotochinatown.net,80,vmess,0,2,0.0%
afb0df67-t8ysg0-tighxj-12hj8.hkt.gotochinatown.net,80,vmess,0,2,0.0%
e70cd76c-t8wxs0-ta6lxc-jjv2.hkt.gotochinatown.net,80,vmess,0,2,0.0%
free-server.techsonic.cloud,443,vless,0,2,0.0%
dd2a5e96-t8wxs0-tqx9ef-1k0yf.hkt.gotochinatown.net,80,vmess,0,2,0.0%
8ac4d647-t8nog0-tpn98f-1rcxl.hkt.gotochinatown.net,80,vmess,0,2,0.0%
7cce995d-t8pj40-t9lm1q-1p1b.hkt.gotochinatown.net,80,vmess,0,2,0.0%
c55918de-t8ysg0-t9x9zr-1lkt0.hkt.gotochinatown.net,80,vmess,0,2,0.0%
ftvpn.fasttunnel.ru,8443,vless,0,2,0.0%
alb.zov-bot.ru,33970,vless,0,2,0.0%
927d9757-t6r5s0-t7hsj2-1gevg.hkt.gotochinatown.net,80,vmess,0,2,0.0%
d2704f09-t70f40-t74ix0-1m0fq.hkt.gotochinatown.net,80,vmess,0,2,0.0%
07925bbe-t70f40-tpn98f-1rcxl.hkt.gotochinatown.net,80,vmess,0,2,0.0%
de1.jugploer.icu,443,vless,0,2,0.0%
cloudflare-dl.byoip.top,2096,vless,0,2,0.0%
a3f83f3b-t7bj40-tg010c-1r7od.hkt2.cdnhuawei.com,443,socks5,0,2,0.0%
v24.hdacd.com,30824,vmess,0,2,0.0%
7ff85f1c-t8ysg0-taz53d-1j0y6.hkt.gotochinatown.net,80,vmess,0,2,0.0%
fd5a0a4d-t8wxs0-te0v28-1mh67.hkt.gotochinatown.net,80,vmess,0,2,0.0%
1384913f-t8lts0-t9lm1q-1p1b.hkt.gotochinatown.net,80,vmess,0,2,0.0%
yes.happydays.dpdns.org,443,vless,0,2,0.0%
a3cefe89-t8ysg0-ta42cg-1phla.hkt.gotochinatown.net,80,vmess,0,2,0.0%
e41077bf-t70f40-t7bo2t-1psmw.hkt.gotochinatown.net,80,vmess,0,2,0.0%
50db9a43-t8v340-tbe46y-1la7v.hkt.gotochinatown.net,80,vmess,0,2,0.0%
3469f372-t70f40-t7enwo-1f1f1.hkt.gotochinatown.net,80,vmess,0,2,0.0%
auth.cometatech.ru,8443,vless,0,2,0.0%
eb894086-t70f40-t7luxf-tng5.hkt.gotochinatown.net,80,vmess,0,2,0.0%
8c7c26f2-t6r5s0-t7uinf-i8ie.hkt.gotochinatown.net,80,vmess,0,2,0.0%
127.0.0.1,1,ss,0,2,0.0%
f15d44c3-t8wxs0-tr9h64-1f1f1.hkt.gotochinatown.net,80,vmess,0,2,0.0%
30a3bbd2-t8lts0-tbe46y-1la7v.hkt.gotochinatown.net,80,vmess,0,2,0.0%
0a2d4f82-t8t8g0-tc67m2-1tjc4.hkt.gotochinatown.net,80,vmess,0,2,0.0%
6f5bbcfb-t8v340-ta7sek-1thts.hkt.gotochinatown.net,80,vmess,0,2,0.0%
8c3e253f-t8ysg0-tac59v-i8ie.hkt.gotochinatown.net,80,vmess,0,2,0.0%
a2bc10d7-t8ysg0-t8xdsu-nx3b.hkt.gotochinatown.net,80,vmess,0,2,0.0%
2ac96c83-t8rds0-tiqsce-t6fv.hkt.gotochinatown.net,80,vmess,0,2,0.0%
91330f2d-t8t8g0-ta42cg-1phla.hkt.gotochinatown.net,80,vmess,0,2,0.0%
d3e1cee1-t8ysg0-tphxte-1h5u7.hkt.gotochinatown.net,80,vmess,0,2,0.0%
3d044a10-t8v340-t99b5n-1hhyy.hkt.gotochinatown.net,80,vmess,0,2,0.0%
b07b7851-t8ysg0-tc2x42-n09f.hkt.gotochinatown.net,80,vmess,0,2,0.0%
ae0f870e-t8wxs0-tc67m2-1tjc4.hkt.gotochinatown.net,80,vmess,0,2,0.0%
a3802551-t8rds0-tbc0ig-1ssud.hkt.gotochinatown.net,80,vmess,0,2,0.0%
24a3f1e7-t8ysg0-ta00rd-1o8ak.hkt.gotochinatown.net,80,vmess,0,2,0.0%
172.67.130.204,443,vless,0,2,0.0%
4464130e-t8pj40-tc61cs-1tja8.hkt.gotochinatown.net,80,vmess,0,2,0.0%
a6ee2163-t8lts0-te0v28-1mh67.hkt.gotochinatown.net,80,vmess,0,2,0.0%
188.114.96.2,443,vless,0,2,0.0%
2f67f689-t8pj40-tiqsce-t6fv.hkt.gotochinatown.net,80,vmess,0,2,0.0%
d795a3c8-t8v340-tasors-1tdqt.hkt.gotochinatown.net,80,vmess,0,2,0.0%
d07f2c0a-t8pj40-t8xdsu-nx3b.hkt.gotochinatown.net,80,vmess,0,2,0.0%
s498.ayxj.top,443,vless,0,2,0.0%
011b0339-t8ysg0-tc9wl2-py5w.hkt.gotochinatown.net,80,vmess,0,2,0.0%
29f495e4-t94cg0-tairte-1m0fq.hkt.gotochinatown.net,80,vmess,0,2,0.0%
n1761184278.74qxv.top,443,vless,0,2,0.0%
v36.hdacd.com,30836,vmess,0,2,0.0%
62.210.196.68,26691,hysteria,0,2,0.0%
